"Function"	"Initial num swarms"	"Final num swarms"	"Starvation kt"	"Score"	"Error"	"Position"	"Iter"
"griewank"	"5"	"4"	"0.5"	"4.80833817207e-10"	"4.80833817207e-10"	"[-502.65481397  370.70796227]"	"94"	"18444"
"griewank"	"1"	"5"	"0.2"	"1.177565081e-07"	"1.177565081e-07"	"[ 131.94667753 -358.14199811]"	"78"	"11300"
"griewank"	"5"	"4"	"1.0"	"4.37520326413e-07"	"4.37520326413e-07"	"[-241.90173516  141.37192736]"	"80"	"9827"
"griewank"	"1"	"3"	"0.5"	"1.21070439674e-06"	"1.21070439674e-06"	"[-194.77840405   31.41440815]"	"19"	"2071"
"griewank"	"1"	"5"	"3.0"	"1.61861655612e-06"	"1.61861655612e-06"	"[-628.31701651  722.56728213]"	"63"	"12757"
"griewank"	"10"	"6"	"0.2"	"3.8291188843e-06"	"3.8291188843e-06"	"[ 348.71432167  606.32864407]"	"68"	"7825"
"griewank"	"5"	"5"	"2.0"	"7.33551159238e-06"	"7.33551159238e-06"	"[ 251.32724092 -590.61559243]"	"34"	"8276"
"griewank"	"1"	"4"	"2.0"	"7.93180762004e-06"	"7.93180762004e-06"	"[ 556.06533864  317.29884872]"	"106"	"8613"
"griewank"	"10"	"2"	"1.0"	"8.61907782779e-06"	"8.61907782779e-06"	"[-106.81825014 -232.47720148]"	"76"	"5655"
"griewank"	"20"	"1"	"3.0"	"8.6282337558e-06"	"8.6282337558e-06"	"[  43.97864519 -439.82495133]"	"2"	"1743"
"griewank"	"10"	"4"	"3.0"	"1.14853185214e-05"	"1.14853185214e-05"	"[ 179.06658107  122.51980499]"	"13"	"2256"
"griewank"	"5"	"1"	"3.0"	"1.54489891795e-05"	"1.54489891795e-05"	"[ 251.33140726   62.82798806]"	"55"	"3278"
"griewank"	"1"	"4"	"1.0"	"2.45221644189e-05"	"2.45221644189e-05"	"[ 540.36064774  257.61259828]"	"63"	"6526"
"griewank"	"5"	"4"	"0.2"	"5.00595729267e-05"	"5.00595729267e-05"	"[-172.78083766 -342.44097802]"	"43"	"4225"
"griewank"	"20"	"1"	"0.5"	"0.000152935953987"	"0.000152935953987"	"[ 182.222489    -12.55210277]"	"2"	"2319"
"griewank"	"20"	"1"	"2.0"	"0.000185304517953"	"0.000185304517953"	"[-471.25029207   37.68359389]"	"2"	"2115"
"griewank"	"10"	"1"	"2.0"	"0.000526857792674"	"0.000526857792674"	"[ -50.24591816 -345.54928568]"	"2"	"483"
"griewank"	"10"	"1"	"0.5"	"0.000569385829155"	"0.000569385829155"	"[ 380.13961112  304.76752202]"	"2"	"665"
"griewank"	"20"	"1"	"1.0"	"0.000937041843489"	"0.000937041843489"	"[ 106.81793989 -125.62057815]"	"2"	"1885"
"griewank"	"20"	"1"	"0.2"	"0.00119297943753"	"0.00119297943753"	"[ 596.90727334  288.97789647]"	"2"	"2393"

"Function"	"Topology"	"PSO"	"Phi"	"Score"	"Error"	"Position"	"Iter"
"griewank"	"ring_topology"	"inertia_weight"	"(1, 2)"	"4.44488980067e-08"	"4.44488980067e-08"	"[-578.05314726 -578.0533295 ]"	"430"	"10000"
"griewank"	"ring_topology"	"inertia_weight"	"(2, 1)"	"1.09463379028e-07"	"1.09463379028e-07"	"[-549.77918152  549.77874096]"	"452"	"10000"
"griewank"	"full_topology"	"inertia_weight"	"(2.05, 2.05)"	"1.29229747126e-07"	"1.29229747126e-07"	"[-229.33590422  229.33590423]"	"308"	"10000"
"griewank"	"ring_topology"	"inertia_weight"	"(2.05, 2.05)"	"5.76590395984e-07"	"5.76590395984e-07"	"[ 581.19543836  581.19536013]"	"313"	"10000"
"griewank"	"neumann_topology"	"inertia_weight"	"(0.01, 0.01)"	"1.60665086835e-06"	"1.60665086835e-06"	"[ 201.06311054 -295.31105822]"	"499"	"10000"
"griewank"	"ring_topology"	"pso_vanilla"	"(1, 2)"	"2.56409387589e-06"	"2.56409387589e-06"	"[ 499.51483328 -499.51483312]"	"274"	"10000"
"griewank"	"neumann_topology"	"inertia_weight"	"(2.05, 2.05)"	"3.99667647621e-06"	"3.99667647621e-06"	"[-245.04693212  245.04340505]"	"316"	"10000"
"griewank"	"neumann_topology"	"constriction_factor"	"(2.05, 2.05)"	"1.72608602167e-05"	"1.72608602167e-05"	"[ 172.78309939   65.96966381]"	"321"	"10000"
"griewank"	"ring_topology"	"inertia_weight"	"(0.01, 0.01)"	"4.8398639325e-05"	"4.8398639325e-05"	"[-298.45309221 -424.12468262]"	"307"	"10000"
"griewank"	"full_topology"	"pso_vanilla"	"(0.01, 0.01)"	"6.98241887495e-05"	"6.98241887495e-05"	"[ 345.56443637 -131.94199557]"	"108"	"10000"
"griewank"	"full_topology"	"pso_vanilla"	"(2, 1)"	"8.42353504474e-05"	"8.42353504474e-05"	"[ 329.87897553 -329.87274992]"	"475"	"10000"
"griewank"	"ring_topology"	"constriction_factor"	"(2, 1)"	"0.000105273292311"	"0.000105273292311"	"[ 251.34190043 -219.91228824]"	"361"	"10000"
"griewank"	"full_topology"	"inertia_weight"	"(2, 1)"	"0.000112318846831"	"0.000112318846831"	"[ 223.0610118  -493.21733023]"	"376"	"10000"
"griewank"	"full_topology"	"inertia_weight"	"(0.01, 0.01)"	"0.000114173080008"	"0.000114173080008"	"[  28.28802551 -436.67498412]"	"15"	"10000"
"griewank"	"ring_topology"	"pso_vanilla"	"(0.01, 0.01)"	"0.000187488310087"	"0.000187488310087"	"[-307.87421788 -232.45858148]"	"255"	"10000"
"griewank"	"ring_topology"	"pso_vanilla"	"(2, 1)"	"0.000190866960628"	"0.000190866960628"	"[ 254.45518904  254.45518904]"	"229"	"10000"
"griewank"	"ring_topology"	"constriction_factor"	"(1, 2)"	"0.000249302716615"	"0.000249302716615"	"[-109.93787651 -166.5178061 ]"	"77"	"10000"
"griewank"	"neumann_topology"	"constriction_factor"	"(2, 1)"	"0.000260668405074"	"0.000260668405074"	"[-37.71590966 -94.26324619]"	"189"	"10000"
"griewank"	"full_topology"	"constriction_factor"	"(2, 1)"	"0.000561273202357"	"0.000561273202357"	"[-147.6216761  -191.64182506]"	"55"	"10000"
"griewank"	"full_topology"	"constriction_factor"	"(1, 2)"	"0.000584008474537"	"0.000584008474537"	"[ -91.09592618  241.93523624]"	"91"	"10000"
"griewank"	"neumann_topology"	"inertia_weight"	"(1, 2)"	"0.000607572426429"	"0.000607572426429"	"[ 355.02960808  436.66302287]"	"0"	"10000"
"griewank"	"neumann_topology"	"pso_vanilla"	"(1, 2)"	"0.000738342502747"	"0.000738342502747"	"[-546.67545729  389.56018245]"	"382"	"10000"
"griewank"	"ring_topology"	"constriction_factor"	"(2.05, 2.05)"	"0.000818471687551"	"0.000818471687551"	"[  56.57983877  175.90338645]"	"201"	"10000"
"griewank"	"full_topology"	"constriction_factor"	"(2.05, 2.05)"	"0.000877081372278"	"0.000877081372278"	"[ 194.81652478 -238.77913109]"	"102"	"10000"
"griewank"	"neumann_topology"	"inertia_weight"	"(2, 1)"	"0.000976850470016"	"0.000976850470016"	"[-600.         -298.45211403]"	"79"	"10000"
"griewank"	"neumann_topology"	"pso_vanilla"	"(2, 1)"	"0.000977040322747"	"0.000977040322747"	"[-600.          160.22020586]"	"340"	"10000"
"griewank"	"neumann_topology"	"pso_vanilla"	"(2.05, 2.05)"	"0.000977550880801"	"0.000977550880801"	"[ 600.          355.00140563]"	"268"	"10000"
"griewank"	"neumann_topology"	"pso_vanilla"	"(0.01, 0.01)"	"0.000977893241835"	"0.000977893241835"	"[-600.          574.90979825]"	"394"	"10000"
"griewank"	"ring_topology"	"pso_vanilla"	"(2.05, 2.05)"	"0.000979136258387"	"0.000979136258387"	"[-442.96685223 -600.        ]"	"495"	"10000"
"griewank"	"ring_topology"	"constriction_factor"	"(0.01, 0.01)"	"0.000998025017325"	"0.000998025017325"	"[-600.         -574.91801685]"	"64"	"10000"
"griewank"	"neumann_topology"	"constriction_factor"	"(0.01, 0.01)"	"0.00105774853683"	"0.00105774853683"	"[-587.49057831 -600.        ]"	"49"	"10000"
"griewank"	"full_topology"	"pso_vanilla"	"(1, 2)"	"0.0019520887406"	"0.0019520887406"	"[-600. -600.]"	"1"	"10000"
"griewank"	"full_topology"	"pso_vanilla"	"(2.05, 2.05)"	"0.0019520887406"	"0.0019520887406"	"[-600.  600.]"	"2"	"10000"
"griewank"	"full_topology"	"inertia_weight"	"(1, 2)"	"0.0019520887406"	"0.0019520887406"	"[ 600. -600.]"	"1"	"10000"
"griewank"	"full_topology"	"constriction_factor"	"(0.01, 0.01)"	"0.0019520887406"	"0.0019520887406"	"[-600. -600.]"	"19"	"10000"
"griewank"	"neumann_topology"	"constriction_factor"	"(1, 2)"	"0.0041374971507"	"0.0041374971507"	"[ 44.01409314 -25.04746419]"	"103"	"10000"

"Function"	"Initial num swarms"	"Final num swarms"	"Starvation kt"	"Score"	"Error"	"Position"	"Iter"
"sphere"	"1"	"6"	"0.2"	"1.55017517813e-06"	"1.55017517813e-06"	"[ 0.00079007  0.00096227]"	"20"	"3662"
"sphere"	"1"	"3"	"3.0"	"2.57898374196e-06"	"2.57898374196e-06"	"[ -1.60589370e-03  -9.44259961e-06]"	"159"	"9634"
"sphere"	"5"	"4"	"0.2"	"4.9772210535e-06"	"4.9772210535e-06"	"[ 0.00048729 -0.0021771 ]"	"185"	"16895"
"sphere"	"1"	"5"	"1.0"	"9.90967724198e-05"	"9.90967724198e-05"	"[ 0.00292507 -0.00951529]"	"20"	"2559"
"sphere"	"1"	"7"	"0.5"	"0.00013846553702"	"0.00013846553702"	"[-0.01162444 -0.00182702]"	"142"	"13673"
"sphere"	"1"	"3"	"2.0"	"0.000685836853631"	"0.000685836853631"	"[-0.01111841  0.02371113]"	"39"	"3950"
"sphere"	"5"	"5"	"3.0"	"0.00094968030646"	"0.00094968030646"	"[ 0.00466735 -0.03046139]"	"23"	"2677"
"sphere"	"20"	"4"	"0.5"	"0.00113707246868"	"0.00113707246868"	"[ 0.01643621 -0.02944357]"	"38"	"3791"
"sphere"	"10"	"3"	"2.0"	"0.00124629956158"	"0.00124629956158"	"[ 0.03176484  0.01540437]"	"25"	"8488"
"sphere"	"10"	"5"	"3.0"	"0.00457721420056"	"0.00457721420056"	"[ 0.03637692  0.05704326]"	"24"	"3382"
"sphere"	"10"	"2"	"0.5"	"0.00574980991885"	"0.00574980991885"	"[ 0.03961175  0.06465848]"	"40"	"3559"
"sphere"	"5"	"6"	"1.0"	"0.00578227393297"	"0.00578227393297"	"[-0.06723486 -0.03552108]"	"66"	"4345"
"sphere"	"5"	"4"	"0.5"	"0.120384563476"	"0.120384563476"	"[-0.3464222  -0.01939645]"	"21"	"1538"
"sphere"	"20"	"1"	"1.0"	"0.146361380718"	"0.146361380718"	"[-0.27493898  0.2660262 ]"	"2"	"2311"
"sphere"	"5"	"5"	"2.0"	"0.16176570506"	"0.16176570506"	"[-0.27210249 -0.29618565]"	"54"	"5936"
"sphere"	"20"	"1"	"2.0"	"0.184893401885"	"0.184893401885"	"[-0.4180639 -0.1005782]"	"2"	"2087"
"sphere"	"20"	"1"	"3.0"	"0.263608510333"	"0.263608510333"	"[ 0.43779525  0.26822347]"	"2"	"1685"
"sphere"	"20"	"1"	"0.2"	"0.619665930551"	"0.619665930551"	"[ 0.5883198   0.52301601]"	"2"	"2517"
"sphere"	"10"	"2"	"0.2"	"4.22137801278"	"4.22137801278"	"[ 0.73695237  1.91788405]"	"2"	"871"
"sphere"	"10"	"1"	"1.0"	"5.07090324642"	"5.07090324642"	"[-0.4847283   2.19907747]"	"2"	"765"

"Function"	"Topology"	"PSO"	"Phi"	"Score"	"Error"	"Position"	"Iter"
"sphere"	"full_topology"	"inertia_weight"	"(0.01, 0.01)"	"1.03630758773e-22"	"1.03630758773e-22"	"[  7.52842602e-12   6.85226681e-12]"	"491"	"10000"
"sphere"	"full_topology"	"constriction_factor"	"(2.05, 2.05)"	"2.41334950636e-18"	"2.41334950636e-18"	"[ -1.52138470e-09  -3.14226214e-10]"	"263"	"10000"
"sphere"	"ring_topology"	"inertia_weight"	"(0.01, 0.01)"	"7.76019374881e-13"	"7.76019374881e-13"	"[ -1.67035847e-07  -8.64938380e-07]"	"499"	"10000"
"sphere"	"neumann_topology"	"constriction_factor"	"(2, 1)"	"1.30470769496e-09"	"1.30470769496e-09"	"[  4.29830238e-06   3.58640808e-05]"	"499"	"10000"
"sphere"	"full_topology"	"inertia_weight"	"(2, 1)"	"8.76764728024e-08"	"8.76764728024e-08"	"[-0.00018597 -0.00023042]"	"473"	"10000"
"sphere"	"neumann_topology"	"inertia_weight"	"(1, 2)"	"2.55384449517e-07"	"2.55384449517e-07"	"[ 0.00021594 -0.00045689]"	"455"	"10000"
"sphere"	"full_topology"	"constriction_factor"	"(1, 2)"	"6.49104594834e-07"	"6.49104594834e-07"	"[-0.0007073   0.00038579]"	"300"	"10000"
"sphere"	"full_topology"	"constriction_factor"	"(2, 1)"	"8.50003706007e-07"	"8.50003706007e-07"	"[ 0.00052265 -0.0007595 ]"	"492"	"10000"
"sphere"	"full_topology"	"inertia_weight"	"(1, 2)"	"2.79966411216e-06"	"2.79966411216e-06"	"[ 0.00104152  0.00130954]"	"447"	"10000"
"sphere"	"neumann_topology"	"constriction_factor"	"(2.05, 2.05)"	"1.12168836701e-05"	"1.12168836701e-05"	"[-0.00270126  0.00197992]"	"476"	"10000"
"sphere"	"neumann_topology"	"inertia_weight"	"(2, 1)"	"2.61525906813e-05"	"2.61525906813e-05"	"[ 0.00019878 -0.0051101 ]"	"473"	"10000"
"sphere"	"ring_topology"	"constriction_factor"	"(2, 1)"	"3.60120098788e-05"	"3.60120098788e-05"	"[-0.00336342 -0.00496985]"	"499"	"10000"
"sphere"	"ring_topology"	"constriction_factor"	"(1, 2)"	"8.61714241722e-05"	"8.61714241722e-05"	"[-0.00237421 -0.0089741 ]"	"499"	"10000"
"sphere"	"ring_topology"	"inertia_weight"	"(2, 1)"	"9.75984273415e-05"	"9.75984273415e-05"	"[ 0.0082475  0.0054385]"	"484"	"10000"
"sphere"	"neumann_topology"	"pso_vanilla"	"(0.01, 0.01)"	"0.000689733821219"	"0.000689733821219"	"[-0.0137041   0.02240382]"	"239"	"10000"
"sphere"	"full_topology"	"pso_vanilla"	"(1, 2)"	"0.00216703810141"	"0.00216703810141"	"[ 0.03037126  0.03527924]"	"443"	"10000"
"sphere"	"ring_topology"	"inertia_weight"	"(1, 2)"	"0.00239848595983"	"0.00239848595983"	"[ 0.00930353  0.04808254]"	"434"	"10000"
"sphere"	"full_topology"	"inertia_weight"	"(2.05, 2.05)"	"0.00266303896939"	"0.00266303896939"	"[-0.01532243  0.0492774 ]"	"462"	"10000"
"sphere"	"neumann_topology"	"inertia_weight"	"(2.05, 2.05)"	"0.00627394792503"	"0.00627394792503"	"[ 0.03273887 -0.07212568]"	"311"	"10000"
"sphere"	"ring_topology"	"inertia_weight"	"(2.05, 2.05)"	"0.00694213876758"	"0.00694213876758"	"[ 0.003695    0.08323753]"	"491"	"10000"
"sphere"	"neumann_topology"	"inertia_weight"	"(0.01, 0.01)"	"0.00827480599907"	"0.00827480599907"	"[ 0.06087197  0.06759741]"	"499"	"10000"
"sphere"	"full_topology"	"pso_vanilla"	"(0.01, 0.01)"	"0.00913583957387"	"0.00913583957387"	"[ 0.08227392  0.0486502 ]"	"429"	"10000"
"sphere"	"ring_topology"	"pso_vanilla"	"(0.01, 0.01)"	"0.0170371662223"	"0.0170371662223"	"[ 0.12970076  0.01465875]"	"462"	"10000"
"sphere"	"neumann_topology"	"pso_vanilla"	"(2.05, 2.05)"	"0.0179893954364"	"0.0179893954364"	"[-0.10989477 -0.07689301]"	"347"	"10000"
"sphere"	"full_topology"	"constriction_factor"	"(0.01, 0.01)"	"0.046837585583"	"0.046837585583"	"[-0.00049724 -0.21641936]"	"17"	"10000"
"sphere"	"neumann_topology"	"constriction_factor"	"(1, 2)"	"0.0683101230693"	"0.0683101230693"	"[ 0.23905346  0.10565778]"	"90"	"10000"
"sphere"	"full_topology"	"pso_vanilla"	"(2, 1)"	"0.0767332096425"	"0.0767332096425"	"[-0.01256428 -0.27672251]"	"176"	"10000"
"sphere"	"ring_topology"	"constriction_factor"	"(2.05, 2.05)"	"0.0947137565341"	"0.0947137565341"	"[ 0.15061946  0.26837946]"	"476"	"10000"
"sphere"	"ring_topology"	"pso_vanilla"	"(2, 1)"	"0.187988104055"	"0.187988104055"	"[-0.25775771 -0.34863888]"	"196"	"10000"
"sphere"	"neumann_topology"	"pso_vanilla"	"(1, 2)"	"0.244881393113"	"0.244881393113"	"[ 0.45235716  0.20063499]"	"413"	"10000"
"sphere"	"full_topology"	"pso_vanilla"	"(2.05, 2.05)"	"0.298752108524"	"0.298752108524"	"[-0.27432975 -0.47275289]"	"38"	"10000"
"sphere"	"neumann_topology"	"pso_vanilla"	"(2, 1)"	"0.331986296942"	"0.331986296942"	"[ 0.17928394  0.54757974]"	"448"	"10000"
"sphere"	"ring_topology"	"pso_vanilla"	"(2.05, 2.05)"	"0.50036378277"	"0.50036378277"	"[-0.37451253  0.60008678]"	"22"	"10000"
"sphere"	"ring_topology"	"pso_vanilla"	"(1, 2)"	"0.541786165313"	"0.541786165313"	"[ 0.72259797  0.14013686]"	"289"	"10000"
"sphere"	"neumann_topology"	"constriction_factor"	"(0.01, 0.01)"	"1.08878428847"	"1.08878428847"	"[-0.52729161  0.90041538]"	"21"	"10000"
"sphere"	"ring_topology"	"constriction_factor"	"(0.01, 0.01)"	"2.96651547959"	"2.96651547959"	"[-1.70854254 -0.21771052]"	"53"	"10000"

"Function"	"Initial num swarms"	"Final num swarms"	"Starvation kt"	"Score"	"Error"	"Position"	"Iter"
"rosenbrok"	"1"	"3"	"0.2"	"2.03757091595e-06"	"2.03757091595e-06"	"[ 1.00002176  0.9999008 ]"	"45"	"8078"
"rosenbrok"	"1"	"5"	"2.0"	"8.51015537618e-06"	"8.51015537618e-06"	"[ 1.0025865  1.0053146]"	"82"	"9623"
"rosenbrok"	"1"	"6"	"1.0"	"3.22848216084e-05"	"3.22848216084e-05"	"[ 0.99445165  0.98905659]"	"59"	"9919"
"rosenbrok"	"10"	"3"	"1.0"	"0.000227184117097"	"0.000227184117097"	"[ 1.00301631  1.0075185 ]"	"10"	"974"
"rosenbrok"	"5"	"3"	"3.0"	"0.000256619031904"	"0.000256619031904"	"[ 1.01379389  1.02696351]"	"55"	"11047"
"rosenbrok"	"1"	"5"	"0.5"	"0.000283376041305"	"0.000283376041305"	"[ 1.0166327   1.03380146]"	"63"	"5259"
"rosenbrok"	"5"	"2"	"0.2"	"0.000337050476683"	"0.000337050476683"	"[ 0.98172197  0.9639502 ]"	"30"	"5971"
"rosenbrok"	"1"	"2"	"3.0"	"0.000571729660476"	"0.000571729660476"	"[ 0.97609967  0.95269958]"	"32"	"2866"
"rosenbrok"	"5"	"4"	"2.0"	"0.00139323314814"	"0.00139323314814"	"[ 1.03732027  1.07609896]"	"63"	"5283"
"rosenbrok"	"10"	"2"	"0.2"	"0.00838258124429"	"0.00838258124429"	"[ 1.09023092  1.19015576]"	"54"	"3883"
"rosenbrok"	"10"	"4"	"2.0"	"0.0150836974953"	"0.0150836974953"	"[ 1.09296721  1.20260278]"	"82"	"6799"
"rosenbrok"	"10"	"2"	"0.5"	"0.0175411122176"	"0.0175411122176"	"[ 0.88866003  0.78254412]"	"2"	"710"
"rosenbrok"	"20"	"1"	"0.5"	"0.0316113334786"	"0.0316113334786"	"[ 1.16152396  1.35656848]"	"2"	"2109"
"rosenbrok"	"20"	"1"	"2.0"	"0.0420253481321"	"0.0420253481321"	"[ 1.16415771  1.34298408]"	"2"	"2287"
"rosenbrok"	"5"	"2"	"0.5"	"0.0464743685425"	"0.0464743685425"	"[ 0.79274829  0.63438374]"	"6"	"596"
"rosenbrok"	"20"	"1"	"3.0"	"0.0728161092994"	"0.0728161092994"	"[ 1.22841209  1.49462823]"	"2"	"2377"
"rosenbrok"	"10"	"2"	"3.0"	"0.137139234919"	"0.137139234919"	"[ 1.36611252  1.87183196]"	"16"	"1196"
"rosenbrok"	"20"	"1"	"1.0"	"0.143705085672"	"0.143705085672"	"[ 1.21264969  1.43913691]"	"2"	"1839"
"rosenbrok"	"5"	"5"	"1.0"	"0.181700546257"	"0.181700546257"	"[ 1.38304719  1.89411781]"	"0"	"469"
"rosenbrok"	"20"	"2"	"0.2"	"0.265120949579"	"0.265120949579"	"[ 1.47290982  2.14909738]"	"2"	"1518"

"Function"	"Topology"	"PSO"	"Phi"	"Score"	"Error"	"Position"	"Iter"
"rosenbrok"	"neumann_topology"	"inertia_weight"	"(1, 2)"	"3.12169473175e-07"	"3.12169473175e-07"	"[ 1.00006678  1.00018903]"	"416"	"10000"
"rosenbrok"	"full_topology"	"inertia_weight"	"(2, 1)"	"4.29859660514e-07"	"4.29859660514e-07"	"[ 0.99939727  0.9987691 ]"	"403"	"10000"
"rosenbrok"	"full_topology"	"inertia_weight"	"(1, 2)"	"2.58020158855e-06"	"2.58020158855e-06"	"[ 1.00152324  1.00299781]"	"483"	"10000"
"rosenbrok"	"neumann_topology"	"inertia_weight"	"(2, 1)"	"3.6558777114e-05"	"3.6558777114e-05"	"[ 0.9940793   0.98807102]"	"392"	"10000"
"rosenbrok"	"ring_topology"	"inertia_weight"	"(2, 1)"	"7.71462704152e-05"	"7.71462704152e-05"	"[ 1.00218089  1.00521736]"	"474"	"10000"
"rosenbrok"	"full_topology"	"pso_vanilla"	"(2, 1)"	"0.000162847429078"	"0.000162847429078"	"[ 0.98822166  0.97707315]"	"397"	"10000"
"rosenbrok"	"ring_topology"	"inertia_weight"	"(2.05, 2.05)"	"0.000553665394122"	"0.000553665394122"	"[ 1.00624795  1.01480348]"	"115"	"10000"
"rosenbrok"	"ring_topology"	"inertia_weight"	"(1, 2)"	"0.000590653765274"	"0.000590653765274"	"[ 0.99314057  0.98399666]"	"347"	"10000"
"rosenbrok"	"neumann_topology"	"pso_vanilla"	"(0.01, 0.01)"	"0.00226567742024"	"0.00226567742024"	"[ 1.04748415  1.09755369]"	"194"	"10000"
"rosenbrok"	"neumann_topology"	"inertia_weight"	"(2.05, 2.05)"	"0.00385312893852"	"0.00385312893852"	"[ 1.03282944  1.06146848]"	"417"	"10000"
"rosenbrok"	"full_topology"	"inertia_weight"	"(2.05, 2.05)"	"0.00862333769171"	"0.00862333769171"	"[ 1.09253854  1.19286615]"	"302"	"10000"
"rosenbrok"	"ring_topology"	"constriction_factor"	"(2, 1)"	"0.0120554235324"	"0.0120554235324"	"[ 1.10974894  1.23186819]"	"499"	"10000"
"rosenbrok"	"full_topology"	"inertia_weight"	"(0.01, 0.01)"	"0.0136963614534"	"0.0136963614534"	"[ 0.88296916  0.7795966 ]"	"499"	"10000"
"rosenbrok"	"ring_topology"	"pso_vanilla"	"(0.01, 0.01)"	"0.0144087465602"	"0.0144087465602"	"[ 0.97230707  0.95706088]"	"463"	"10000"
"rosenbrok"	"full_topology"	"constriction_factor"	"(2, 1)"	"0.0155171450239"	"0.0155171450239"	"[ 0.87556888  0.76603741]"	"461"	"10000"
"rosenbrok"	"full_topology"	"pso_vanilla"	"(1, 2)"	"0.0161380535396"	"0.0161380535396"	"[ 0.89580289  0.80972989]"	"426"	"10000"
"rosenbrok"	"neumann_topology"	"constriction_factor"	"(2, 1)"	"0.0206386248236"	"0.0206386248236"	"[ 0.85635322  0.73354641]"	"491"	"10000"
"rosenbrok"	"neumann_topology"	"inertia_weight"	"(0.01, 0.01)"	"0.0247501069968"	"0.0247501069968"	"[ 1.11911972  1.26270542]"	"83"	"10000"
"rosenbrok"	"neumann_topology"	"pso_vanilla"	"(2, 1)"	"0.0320813995569"	"0.0320813995569"	"[ 1.1047115   1.23491914]"	"397"	"10000"
"rosenbrok"	"neumann_topology"	"pso_vanilla"	"(1, 2)"	"0.0344062568684"	"0.0344062568684"	"[ 1.183398    1.39765336]"	"208"	"10000"
"rosenbrok"	"full_topology"	"pso_vanilla"	"(0.01, 0.01)"	"0.036553624767"	"0.036553624767"	"[ 1.15795603  1.35163413]"	"474"	"10000"
"rosenbrok"	"full_topology"	"constriction_factor"	"(2.05, 2.05)"	"0.04374701277"	"0.04374701277"	"[ 0.79104234  0.6266629 ]"	"360"	"10000"
"rosenbrok"	"ring_topology"	"pso_vanilla"	"(2, 1)"	"0.0485324997225"	"0.0485324997225"	"[ 0.89753568  0.7860681 ]"	"434"	"10000"
"rosenbrok"	"neumann_topology"	"pso_vanilla"	"(2.05, 2.05)"	"0.050358813429"	"0.050358813429"	"[ 1.07587353  1.13638466]"	"32"	"10000"
"rosenbrok"	"ring_topology"	"constriction_factor"	"(2.05, 2.05)"	"0.0913728441329"	"0.0913728441329"	"[ 0.70008257  0.49388704]"	"448"	"10000"
"rosenbrok"	"ring_topology"	"inertia_weight"	"(0.01, 0.01)"	"0.0929241258265"	"0.0929241258265"	"[ 0.69517362  0.48349006]"	"469"	"10000"
"rosenbrok"	"ring_topology"	"pso_vanilla"	"(1, 2)"	"0.113684405425"	"0.113684405425"	"[ 0.66581635  0.44778992]"	"265"	"10000"
"rosenbrok"	"full_topology"	"constriction_factor"	"(1, 2)"	"0.166866218056"	"0.166866218056"	"[ 0.59259967  0.35415964]"	"432"	"10000"
"rosenbrok"	"full_topology"	"pso_vanilla"	"(2.05, 2.05)"	"0.201798598493"	"0.201798598493"	"[ 0.90054937  0.76718184]"	"291"	"10000"
"rosenbrok"	"ring_topology"	"pso_vanilla"	"(2.05, 2.05)"	"0.219780343246"	"0.219780343246"	"[ 1.46245906  2.14647544]"	"293"	"10000"
"rosenbrok"	"neumann_topology"	"constriction_factor"	"(2.05, 2.05)"	"0.593198601783"	"0.593198601783"	"[ 1.70704704  2.94455188]"	"19"	"10000"
"rosenbrok"	"neumann_topology"	"constriction_factor"	"(1, 2)"	"0.789365881931"	"0.789365881931"	"[ 0.11156338  0.01176623]"	"163"	"10000"
"rosenbrok"	"ring_topology"	"constriction_factor"	"(1, 2)"	"0.963635745258"	"0.963635745258"	"[ 0.01835058  0.00037726]"	"121"	"10000"
"rosenbrok"	"full_topology"	"constriction_factor"	"(0.01, 0.01)"	"1.25980880694"	"1.25980880694"	"[ 1.60492988  2.48125529]"	"16"	"10000"
"rosenbrok"	"neumann_topology"	"constriction_factor"	"(0.01, 0.01)"	"1.28821160839"	"1.28821160839"	"[ 1.62034732  2.72057178]"	"75"	"10000"
"rosenbrok"	"ring_topology"	"constriction_factor"	"(0.01, 0.01)"	"1.73643375612"	"1.73643375612"	"[ 1.15652525  1.46839154]"	"14"	"10000"

"Function"	"Initial num swarms"	"Final num swarms"	"Starvation kt"	"Score"	"Error"	"Position"	"Iter"
"rastrigin"	"10"	"3"	"3.0"	"1.46113201538e-07"	"1.46113201538e-07"	"[ -8.96399544e-06   2.56151091e-05]"	"37"	"6652"
"rastrigin"	"1"	"5"	"0.5"	"1.05620211954e-06"	"1.05620211954e-06"	"[ -7.26734951e-05  -6.50960017e-06]"	"161"	"16902"
"rastrigin"	"5"	"6"	"2.0"	"0.000117655617586"	"0.000117655617586"	"[ 0.00076173 -0.00011323]"	"80"	"12581"
"rastrigin"	"1"	"5"	"2.0"	"0.00011993064161"	"0.00011993064161"	"[-0.00056823  0.00053069]"	"64"	"4837"
"rastrigin"	"1"	"5"	"0.2"	"0.000468582612413"	"0.000468582612413"	"[ 0.00023791  0.00151833]"	"51"	"5284"
"rastrigin"	"5"	"7"	"0.5"	"0.00108689742312"	"0.00108689742312"	"[ 0.00104284  0.00209549]"	"143"	"13286"
"rastrigin"	"5"	"4"	"0.2"	"0.00121584609432"	"0.00121584609432"	"[-0.00098086 -0.00227299]"	"226"	"15236"
"rastrigin"	"10"	"5"	"0.2"	"0.00743522204305"	"0.00743522204305"	"[-0.0033575 -0.0051193]"	"124"	"10394"
"rastrigin"	"1"	"5"	"1.0"	"0.0170974147581"	"0.0170974147581"	"[-0.0091908  -0.00131624]"	"78"	"7700"
"rastrigin"	"1"	"3"	"3.0"	"0.0248791877488"	"0.0248791877488"	"[ 0.00546585  0.00977555]"	"26"	"9930"
"rastrigin"	"20"	"1"	"0.2"	"0.0741662408123"	"0.0741662408123"	"[-0.00142353  0.01929414]"	"2"	"2157"
"rastrigin"	"20"	"2"	"0.5"	"0.211229836761"	"0.211229836761"	"[-0.00844021 -0.03157113]"	"61"	"5866"
"rastrigin"	"20"	"1"	"2.0"	"0.302195929402"	"0.302195929402"	"[-0.03171036 -0.02284458]"	"2"	"2231"
"rastrigin"	"5"	"1"	"3.0"	"0.416011091768"	"0.416011091768"	"[-0.00521754 -0.04564941]"	"2"	"142"
"rastrigin"	"10"	"1"	"1.0"	"0.631472895253"	"0.631472895253"	"[-0.04132789  0.03862327]"	"2"	"623"
"rastrigin"	"20"	"2"	"1.0"	"0.644248761579"	"0.644248761579"	"[ 0.04159358 -0.03917646]"	"2"	"2150"
"rastrigin"	"10"	"1"	"0.5"	"0.808217716198"	"0.808217716198"	"[ 0.02308155 -0.05986531]"	"2"	"597"
"rastrigin"	"20"	"1"	"3.0"	"0.851442138971"	"0.851442138971"	"[-0.06512479  0.01044356]"	"2"	"2001"
"rastrigin"	"5"	"2"	"1.0"	"0.994965090351"	"0.994965090351"	"[  1.10447949e-04  -9.94823651e-01]"	"24"	"2442"
"rastrigin"	"10"	"1"	"2.0"	"0.997986437045"	"0.997986437045"	"[ 0.99844675  0.00175967]"	"2"	"817"

"Function"	"Topology"	"PSO"	"Phi"	"Score"	"Error"	"Position"	"Iter"
"rastrigin"	"full_topology"	"inertia_weight"	"(0.01, 0.01)"	"0.0"	"0.0"	"[  3.00629513e-09  -1.29034469e-09]"	"351"	"10000"
"rastrigin"	"full_topology"	"inertia_weight"	"(2, 1)"	"1.49323266641e-07"	"1.49323266641e-07"	"[  2.43879359e-05  -1.25656680e-05]"	"325"	"10000"
"rastrigin"	"full_topology"	"inertia_weight"	"(1, 2)"	"6.88665402038e-07"	"6.88665402038e-07"	"[  2.71688827e-05  -5.22789256e-05]"	"441"	"10000"
"rastrigin"	"neumann_topology"	"inertia_weight"	"(2, 1)"	"3.46728680611e-06"	"3.46728680611e-06"	"[  1.70614761e-05  -1.31094805e-04]"	"351"	"10000"
"rastrigin"	"ring_topology"	"inertia_weight"	"(1, 2)"	"2.65448064596e-05"	"2.65448064596e-05"	"[-0.0003187   0.00017954]"	"434"	"10000"
"rastrigin"	"full_topology"	"pso_vanilla"	"(0.01, 0.01)"	"4.08823448161e-05"	"4.08823448161e-05"	"[-0.00017775  0.0004177 ]"	"368"	"10000"
"rastrigin"	"ring_topology"	"inertia_weight"	"(2, 1)"	"4.10445106382e-05"	"4.10445106382e-05"	"[-0.00042493 -0.00016224]"	"459"	"10000"
"rastrigin"	"neumann_topology"	"inertia_weight"	"(1, 2)"	"6.95430742006e-05"	"6.95430742006e-05"	"[-0.00046738 -0.00036344]"	"474"	"10000"
"rastrigin"	"ring_topology"	"inertia_weight"	"(0.01, 0.01)"	"7.31933108469e-05"	"7.31933108469e-05"	"[ 0.0003843  -0.00047037]"	"497"	"10000"
"rastrigin"	"full_topology"	"constriction_factor"	"(1, 2)"	"8.91360158057e-05"	"8.91360158057e-05"	"[  6.63839900e-04   9.27869263e-05]"	"489"	"10000"
"rastrigin"	"ring_topology"	"constriction_factor"	"(1, 2)"	"0.000695161436102"	"0.000695161436102"	"[-0.00144842  0.00118578]"	"499"	"10000"
"rastrigin"	"neumann_topology"	"pso_vanilla"	"(0.01, 0.01)"	"0.000841684063634"	"0.000841684063634"	"[-0.00097901  0.00181221]"	"193"	"10000"
"rastrigin"	"full_topology"	"inertia_weight"	"(2.05, 2.05)"	"0.00318700326151"	"0.00318700326151"	"[ 0.00282492  0.00284331]"	"419"	"10000"
"rastrigin"	"ring_topology"	"pso_vanilla"	"(2, 1)"	"0.00910202919559"	"0.00910202919559"	"[ 0.00558235 -0.00383669]"	"115"	"10000"
"rastrigin"	"ring_topology"	"pso_vanilla"	"(0.01, 0.01)"	"0.0102396866421"	"0.0102396866421"	"[ 0.00626253  0.00352131]"	"370"	"10000"
"rastrigin"	"neumann_topology"	"pso_vanilla"	"(2, 1)"	"0.0163529520528"	"0.0163529520528"	"[ 0.0002803  -0.00907585]"	"183"	"10000"
"rastrigin"	"ring_topology"	"pso_vanilla"	"(1, 2)"	"0.0241797585267"	"0.0241797585267"	"[-0.004496   -0.01008463]"	"310"	"10000"
"rastrigin"	"full_topology"	"pso_vanilla"	"(1, 2)"	"0.0246190746466"	"0.0246190746466"	"[ 0.00677942 -0.00884078]"	"257"	"10000"
"rastrigin"	"full_topology"	"pso_vanilla"	"(2.05, 2.05)"	"0.0307371473809"	"0.0307371473809"	"[-0.01237823 -0.00133704]"	"361"	"10000"
"rastrigin"	"neumann_topology"	"constriction_factor"	"(1, 2)"	"0.0724731294407"	"0.0724731294407"	"[-0.00434648 -0.01862271]"	"226"	"10000"
"rastrigin"	"ring_topology"	"pso_vanilla"	"(2.05, 2.05)"	"0.188937860955"	"0.188937860955"	"[-0.01560277  0.0266598 ]"	"10"	"10000"
"rastrigin"	"neumann_topology"	"pso_vanilla"	"(1, 2)"	"0.258402022496"	"0.258402022496"	"[-0.02404619  0.02696451]"	"222"	"10000"
"rastrigin"	"ring_topology"	"inertia_weight"	"(2.05, 2.05)"	"0.261472738676"	"0.261472738676"	"[-0.03529534 -0.00879143]"	"462"	"10000"
"rastrigin"	"neumann_topology"	"inertia_weight"	"(2.05, 2.05)"	"0.792102202256"	"0.792102202256"	"[ 0.06268169  0.0106737 ]"	"407"	"10000"
"rastrigin"	"full_topology"	"pso_vanilla"	"(2, 1)"	"0.873395929675"	"0.873395929675"	"[-0.01710676 -0.06454863]"	"111"	"10000"
"rastrigin"	"neumann_topology"	"inertia_weight"	"(0.01, 0.01)"	"0.994959078955"	"0.994959078955"	"[ -9.99007654e-06  -9.94955413e-01]"	"470"	"10000"
"rastrigin"	"full_topology"	"constriction_factor"	"(2.05, 2.05)"	"0.995612656015"	"0.995612656015"	"[-0.99395182  0.00151043]"	"38"	"10000"
"rastrigin"	"ring_topology"	"constriction_factor"	"(2.05, 2.05)"	"1.0838346267"	"1.0838346267"	"[-0.98140694 -0.01627657]"	"103"	"10000"
"rastrigin"	"full_topology"	"constriction_factor"	"(2, 1)"	"1.10815661211"	"1.10815661211"	"[-0.02008233  1.00791392]"	"77"	"10000"
"rastrigin"	"full_topology"	"constriction_factor"	"(0.01, 0.01)"	"1.13932581065"	"1.13932581065"	"[ 0.01604533  1.01665505]"	"17"	"10000"
"rastrigin"	"neumann_topology"	"pso_vanilla"	"(2.05, 2.05)"	"1.19339412539"	"1.19339412539"	"[-0.02855425  0.9812684 ]"	"74"	"10000"
"rastrigin"	"neumann_topology"	"constriction_factor"	"(2, 1)"	"1.41053406487"	"1.41053406487"	"[-0.98611795 -0.04505682]"	"36"	"10000"
"rastrigin"	"neumann_topology"	"constriction_factor"	"(2.05, 2.05)"	"1.43667375197"	"1.43667375197"	"[ 0.04632444 -0.98517651]"	"119"	"10000"
"rastrigin"	"ring_topology"	"constriction_factor"	"(2, 1)"	"2.38867757625"	"2.38867757625"	"[-1.07849614 -0.01304069]"	"24"	"10000"
"rastrigin"	"neumann_topology"	"constriction_factor"	"(0.01, 0.01)"	"2.41000653153"	"2.41000653153"	"[ 1.03855259 -1.0099378 ]"	"13"	"10000"
"rastrigin"	"ring_topology"	"constriction_factor"	"(0.01, 0.01)"	"4.12111449166"	"4.12111449166"	"[ 0.91865811 -1.06655811]"	"33"	"10000"

